IsoNumeric,IsoAlpha,UniversalCode,NameAr,NameEn
0004,AF,0004,أفغانستان,Afghanistan
0008,AL,0008,ألبانيا,Albania
0012,DZ,0012,الجزائر,Algeria
0016,AS,0016,ساموا الأمريكية,American Samoa
0020,AD,0020,أندورا,Andorra
0024,AO,0024,أنغولا,Angola
0660,AI,0660,أنغيلا,Anguilla
0010,AQ,0010,أنتاركتيكا,Antarctica
0028,AG,0028,أنتيغوا وبربودا,Antigua and Barbuda
0032,AR,0032,الأرجنتين,Argentina
0051,AM,0051,أرمينيا,Armenia
0533,AW,0533,أروبا,Aruba
0036,AU,0036,أستراليا,Australia
0040,AT,0040,النمسا,Austria
0031,AZ,0031,أذربيجان,Azerbaijan
0044,BS,0044,جزر البهاما,Bahamas 
0048,BH,0048,البحرين,Bahrain
0050,BD,0050,بنغلاديش,Bangladesh
0052,BB,0052,بربادوس,Barbados
0112,BY,0112,بيلاروسيا,Belarus
0056,BE,0056,بلجيكا,Belgium
0084,BZ,0084,بليز,Belize
0204,BJ,0204,بنين,Benin
0060,BM,0060,برمودا,Bermuda
0064,BT,0064,بوتان,Bhutan
0068,BO,0068,بوليفيا ,Bolivia
0535,BQ,0535,بونير وسانت يوستاتيوس وسابا,"Bonaire, Sint Eustatius and Saba"
0070,BA,0070,البوسنة والهرسك,Bosnia and Herzegovina
0072,BW,0072,بوتسوانا,Botswana
0074,BV,0074,جزيرة بوفيت,Bouvet Island
0076,BR,0076,البرازيل,Brazil
0086,IO,0086,إقليم المحيط الهندي البريطاني,British Indian Ocean Territory 
0096,BN,0096,بروناي دار السلام,Brunei Darussalam
0100,BG,0100,بلغاريا,Bulgaria
0854,BF,0854,بوركينا فاسو,Burkina Faso
0108,BI,0108,بوروندي,Burundi
0132,CV,0132,كابو فيردي,Cabo Verde
0116,KH,0116,كمبوديا,Cambodia
0120,CM,0120,الكاميرون,Cameroon
0124,CA,0124,كندا,Canada
0136,KY,0136,جزر كايمان,Cayman Islands 
0140,CF,0140,جمهورية افريقيا الوسطى,Central African Republic 
0148,TD,0148,تشاد,Chad
0152,CL,0152,تشيلي,Chile
0156,CN,0156,الصين,China
0162,CX,0162,جزيرة الكريسماس,Christmas Island
0166,CC,0166,جزر كوكوس (كيلينغ),Cocos (Keeling) Islands 
0170,CO,0170,كولومبيا,Colombia
0174,KM,0174,جزر القمر,Comoros 
0180,CD,0180,جمهورية الكونغو الديمقراطية,Democratic Republic of Congo
0178,CG,0178,كونغو ,Congo 
0184,CK,0184,جزر كوك ,Cook Islands 
0188,CR,0188,كوستا ريكا,Costa Rica
0191,HR,0191,كرواتيا,Croatia
0192,CU,0192,كوبا,Cuba
0531,CW,0531,كوراساو,Curaçao
0196,CY,0196,قبرص,Cyprus
0203,CZ,0203,التشيك,Czechia
0384,CI,0384,كوت ديفوار,Côte d'Ivoire
0208,DK,0208,الدنمارك,Denmark
0262,DJ,0262,جيبوتي,Djibouti
0212,DM,0212,دومينيكا,Dominica
0214,DO,0214,جمهورية الدومينيكان,Dominican Republic 
0218,EC,0218,الاكوادور,Ecuador
0818,EG,0818,مصر,Egypt
0222,SV,0222,السلفادور,El Salvador
0226,GQ,0226,غينيا الإستوائية,Equatorial Guinea
0232,ER,0232,إريتريا,Eritrea
0233,EE,0233,إستونيا,Estonia
0748,SZ,0748,إيسواتيني,Eswatini
0231,ET,0231,أثيوبيا,Ethiopia
0238,FK,0238,جزر فوكلاند [مالفيناس],Falkland Islands  [Malvinas]
0234,FO,0234,جزر فارو ,Faroe Islands 
0242,FJ,0242,فيجي,Fiji
0246,FI,0246,فنلندا,Finland
0250,FR,0250,فرنسا,France
0254,GF,0254,غيانا الفرنسية,French Guiana
0258,PF,0258,بولينيزيا الفرنسية,French Polynesia
0260,TF,0260,الأقاليم الجنوبية الفرنسية,French Southern Territories 
0266,GA,0266,الجابون,Gabon
0270,GM,0270,غامبيا,Gambia 
0268,GE,0268,جورجيا,Georgia
0276,DE,0276,ألمانيا,Germany
0288,GH,0288,غانا,Ghana
0292,GI,0292,جبل طارق,Gibraltar
0300,GR,0300,اليونان,Greece
0304,GL,0304,الأرض الخضراء,Greenland
0308,GD,0308,غرينادا,Grenada
0312,GP,0312,جوادلوب,Guadeloupe
0316,GU,0316,غوام,Guam
0320,GT,0320,غواتيمالا,Guatemala
0831,GG,0831,غيرنسي,Guernsey
0324,GN,0324,غينيا,Guinea
0624,GW,0624,غينيا بيساو,Guinea-Bissau
0328,GY,0328,غيانا,Guyana
0332,HT,0332,هايتي,Haiti
0334,HM,0334,قلب الجزيرة وجزر ماكدونالز ,Heard Island and McDonald Islands
0336,VA,0336,الكرسي الرسولي,Holy See 
0340,HN,0340,هندوراس,Honduras
0344,HK,0344,هونج كونج,Hong Kong
0348,HU,0348,هنغاريا,Hungary
0352,IS,0352,أيسلندا,Iceland
0356,IN,0356,الهند,India
0360,ID,0360,إندونيسيا,Indonesia
0364,IR,0364,إيران ,Iran
0368,IQ,0368,العراق,Iraq
0372,IE,0372,أيرلندا,Ireland
0833,IM,0833,جزيرة آيل أوف مان,Isle of Man
0376,IL,0376,إسرائيل,Israel
0380,IT,0380,إيطاليا,Italy
0388,JM,0388,جامايكا,Jamaica
0392,JP,0392,اليابان,Japan
0832,JE,0832,جيرسي,Jersey
0400,JO,0400,الأردن,Jordan
0398,KZ,0398,كازاخستان,Kazakhstan
0404,KE,0404,كينيا,Kenya
0296,KI,0296,كيريباتي,Kiribati
0408,KP,0408,كوريا الشمالية,North Korea
0410,KR,0410,كوريا الجنوبية,South Korea
0414,KW,0414,الكويت,Kuwait
0417,KG,0417,قيرغيزستان,Kyrgyzstan
0418,LA,0418,جمهورية لاو الديمقراطية الشعبية,Lao People's Democratic Republic 
0428,LV,0428,لاتفيا,Latvia
0422,LB,0422,لبنان,Lebanon
0426,LS,0426,ليسوتو,Lesotho
0430,LR,0430,ليبيريا,Liberia
0434,LY,0434,ليبيا,Libya
0438,LI,0438,ليختنشتاين,Liechtenstein
0440,LT,0440,ليتوانيا,Lithuania
0442,LU,0442,لوكسمبورغ,Luxembourg
0446,MO,0446,ماكاو,Macao
0450,MG,0450,مدغشقر,Madagascar
0454,MW,0454,ملاوي,Malawi
0458,MY,0458,ماليزيا,Malaysia
0462,MV,0462,جزر المالديف,Maldives
0466,ML,0466,مالي,Mali
0470,MT,0470,مالطا,Malta
0584,MH,0584,جزر مارشال ,Marshall Islands 
0474,MQ,0474,مارتينيك,Martinique
0478,MR,0478,موريتانيا,Mauritania
0480,MU,0480,موريشيوس,Mauritius
0175,YT,0175,مايوت,Mayotte
0484,MX,0484,المكسيك,Mexico
0583,FM,0583,ولايات ميكرونيسيا المتحدة,Federated States of Micronesia
0498,MD,0498,مولدوفا ,Moldova 
0492,MC,0492,موناكو,Monaco
0496,MN,0496,منغوليا,Mongolia
0499,ME,0499,الجبل الأسود,Montenegro
0500,MS,0500,مونتسيرات,Montserrat
0504,MA,0504,المغرب,Morocco
0508,MZ,0508,موزمبيق,Mozambique
0104,MM,0104,ميانمار,Myanmar
0516,NA,0516,ناميبيا,Namibia
0520,NR,0520,ناورو,Nauru
0524,NP,0524,نيبال,Nepal
0528,NL,0528,هولندا ,Netherlands 
0540,NC,0540,كاليدونيا الجديدة,New Caledonia
0554,NZ,0554,نيوزيلاندا,New Zealand
0558,NI,0558,نيكاراغوا,Nicaragua
0562,NE,0562,النيجر,Niger 
0566,NG,0566,نيجيريا,Nigeria
0570,NU,0570,نيوي,Niue
0574,NF,0574,جزيرة نورفولك,Norfolk Island
0580,MP,0580,جزر ماريانا الشمالية ,Northern Mariana Islands 
0578,NO,0578,النرويج,Norway
0512,OM,0512,سلطنة عمان,Oman
0586,PK,0586,باكستان,Pakistan
0585,PW,0585,بالاو,Palau
0275,PS,0275,فلسطين ,Palestine
0591,PA,0591,بنما,Panama
0598,PG,0598,بابوا غينيا الجديدة,Papua New Guinea
0600,PY,0600,باراغواي,Paraguay
0604,PE,0604,بيرو,Peru
0608,PH,0608,الفلبين ,Philippines 
0612,PN,0612,بيتكيرن,Pitcairn
0616,PL,0616,بولندا,Poland
0620,PT,0620,البرتغال,Portugal
0630,PR,0630,بورتوريكو,Puerto Rico
0634,QA,0634,دولة قطر,Qatar
0807,MK,0807,جمهورية مقدونيا الشمالية,Republic of North Macedonia
0642,RO,0642,رومانيا,Romania
0643,RU,0643,روسيا الاتحادية,Russian Federation 
0646,RW,0646,رواندا,Rwanda
0638,RE,0638,جمع شمل,Réunion
0652,BL,0652,سانت بارتيليمي,Saint Barthélemy
0654,SH,0654,سانت هيلانة وأسنسيون وتريستان دا كونها,"Saint Helena, Ascension and Tristan da Cunha"
0659,KN,0659,سانت كيتس ونيفيس,Saint Kitts and Nevis
0662,LC,0662,القديسة لوسيا,Saint Lucia
0663,MF,0663,سانت مارتن (الجزء الفرنسي),Saint Martin (French part)
0666,PM,0666,سانت بيير وميكلون,Saint Pierre and Miquelon
0670,VC,0670,سانت فنسنت وجزر غرينادين,Saint Vincent and the Grenadines
0882,WS,0882,ساموا,Samoa
0674,SM,0674,سان مارينو,San Marino
0678,ST,0678,ساو تومي وبرينسيبي,Sao Tome and Principe
0682,SA,0682,المملكة العربية السعودية,Saudi Arabia
0686,SN,0686,السنغال,Senegal
0688,RS,0688,صربيا,Serbia
0690,SC,0690,سيشيل,Seychelles
0694,SL,0694,سيرا ليون,Sierra Leone
0702,SG,0702,سنغافورة,Singapore
0534,SX,0534,سينت مارتن (الجزء الهولندي),Sint Maarten (Dutch part)
0703,SK,0703,سلوفاكيا,Slovakia
0705,SI,0705,سلوفينيا,Slovenia
0090,SB,0090,جزر سليمان,Solomon Islands
0706,SO,0706,الصومال,Somalia
0710,ZA,0710,جنوب أفريقيا,South Africa
0239,GS,0239,جورجيا الجنوبية وجزر ساندويتش الجنوبية,South Georgia and the South Sandwich Islands
0728,SS,0728,جنوب السودان,South Sudan
0724,ES,0724,إسبانيا,Spain
0144,LK,0144,سيريلانكا,Sri Lanka
0729,SD,0729,السودان,Sudan 
0740,SR,0740,سورينام,Suriname
0744,SJ,0744,سفالبارد وجان ماين,Svalbard and Jan Mayen
0752,SE,0752,السويد,Sweden
0756,CH,0756,سويسرا,Switzerland
0760,SY,0760,الجمهورية العربية السورية,Syrian Arab Republic
0158,TW,0158,تايوان (مقاطعة الصين),Taiwan (Province of China)
0762,TJ,0762,طاجيكستان,Tajikistan
0834,TZ,0834,جمهورية تنزانيا المتحدة,"Tanzania, United Republic of"
0764,TH,0764,تايلاند,Thailand
0626,TL,0626,تيمور ليشتي,Timor-Leste
0768,TG,0768,توجو,Togo
0772,TK,0772,توكيلاو,Tokelau
0776,TO,0776,تونغا,Tonga
0780,TT,0780,ترينداد وتوباغو,Trinidad and Tobago
0788,TN,0788,تونس,Tunisia
0792,TR,0792,ديك رومى,Turkey
0795,TM,0795,تركمانستان,Turkmenistan
0796,TC,0796,جزر تركس وكايكوس ,Turks and Caicos Islands 
0798,TV,0798,توفالو,Tuvalu
0800,UG,0800,أوغندا,Uganda
0804,UA,0804,أوكرانيا,Ukraine
0784,AE,0784,الإمارات العربية المتحدة,United Arab Emirates 
0826,GB,0826,المملكة المتحدة لبريطانيا العظمى وأيرلندا الشمالية,United Kingdom of Great Britain and Northern Ireland 
0581,UM,0581,جزر الولايات المتحدة البعيدة الصغيرة ,United States Minor Outlying Islands 
0840,US,0840,الولايات المتحدة الأمريكية,United States of America 
0858,UY,0858,أوروغواي,Uruguay
0860,UZ,0860,أوزبكستان,Uzbekistan
0548,VU,0548,فانواتو,Vanuatu
0862,VE,0862,فنزويلا (جمهورية البوليفارية),Venezuela (Bolivarian Republic of)
0704,VN,0704,فييت نام,Viet Nam
0092,VG,0092,جزر العذراء البريطانية),Virgin Islands (British)
0850,VI,0850,جزر فيرجن (الولايات المتحدة),Virgin Islands (U.S.)
0876,WF,0876,واليس وفوتونا,Wallis and Futuna
0732,EH,0732,الصحراء الغربية,Western Sahara
0887,YE,0887,اليمن,Yemen
0894,ZM,0894,زامبيا,Zambia
0716,ZW,0716,زيمبابوي,Zimbabwe
0248,AX,0248,جزر آلاند,Åland Islands
